ablation;best_epoch_mean;best_epoch_std;best_epoch_min;best_epoch_max;val_mean_f1_mean;val_mean_f1_std;test_mean_f1_mean;test_mean_f1_std;test_mean_iou_mean;test_mean_iou_std;test_mean_iou_all_mean;test_mean_iou_all_std;test_f1_VT_mean;test_f1_VT_std;test_iou_VT_mean;test_iou_VT_std;test_f1_LP_mean;test_f1_LP_std;test_iou_LP_mean;test_iou_LP_std;test_f1_TR_mean;test_f1_TR_std;test_iou_TR_mean;test_iou_TR_std;test_f1_AV_mean;test_f1_AV_std;test_iou_AV_mean;test_iou_AV_std;test_f1_IC_mean;test_f1_IC_std;test_iou_IC_mean;test_iou_IC_std
musseg_d4_r16_s222_k127_d1248;24,0;0,0;24,0;24,0;0,9142001147774461;0,0;0,9116718728074348;0,0;0,8400640188699231;0,0;0,7406508260293524;0,0;0,9545829892650702;0,0;0,9131121642969984;0,0;0,8796895213454077;0,0;0,7852193995381063;0,0;0,938090241343127;0,0;0,883399209486166;0,0;0,8509316770186336;0,0;0,7405405405405405;0,0;0,935064935064935;0,0;0,8780487804878049;0,0
musseg_d4_r16_s124_k127;37,0;0,0;37,0;37,0;0,9127537207562559;0,0;0,9111927929204964;0,0;0,8386217298837886;0,0;0,7283022702910524;0,0;0,9536961819658814;0,0;0,9114906832298136;0,0;0,88948069241012;0,0;0,8009592326139089;0,0;0,9401888772298007;0,0;0,8871287128712871;0,0;0,8606811145510836;0,0;0,7554347826086957;0,0;0,911917098445596;0,0;0,8380952380952381;0,0
musseg_d4_r16_s222_k127;28,4;13,032267646115928;14,0;45,0;0,9102749835902564;0,008948879359306853;0,9101827857673623;0,003101239201589281;0,8370024679838046;0,0052814053821441;0,7293208497057466;0,005271573555618943;0,9466466003711753;0,006698170916100733;0,8987746228920411;0,01204882218182272;0,8814765274100379;0,010449322488382921;0,7882288974224412;0,016843461798706386;0,9440556507461432;0,008826992535140526;0,8941716662676183;0,01584577990856415;0,8620758627517044;0,005384451376290531;0,757625766973308;0,0083174402411913;0,9166592875577507;0,006684777331751162;0,846211386363614;0,01136308833063126
unet;22,4;9,264987857520376;11,0;34,0;0,9089775937639175;0,003386103219878818;0,9067071196046959;0,004023424834102434;0,8313051758053824;0,006446922711392396;;;0,9415677165923177;0,007150758255759279;0,8896736244480918;0,012805543813479456;0,8758711860916287;0,00669654557589784;0,7792187004077678;0,010603645931862096;0,9433822077573997;0,007216971062739007;0,8929204506045247;0,012945729268879902;0,8584485069283488;0,014066909282415366;0,7522700008211216;0,021785669599557342;0,9142659806537841;0,015394819253380283;0,8424431027454068;0,026191297606401907
musseg_d4_r16_s222_k71;28,0;0,0;28,0;28,0;0,9262117247347265;0,0;0,9060086299728605;0,0;0,8305194917695781;0,0;0,7273195576171517;0,0;0,9410788381742737;0,0;0,8887147335423198;0,0;0,8828125;0,0;0,7902097902097902;0,0;0,9494736842105262;0,0;0,9038076152304609;0,0;0,8421052631578948;0,0;0,7272727272727273;0,0;0,914572864321608;0,0;0,8425925925925926;0,0
unet_attention;22,0;13,66747965061591;6,0;47,0;0,911887228411471;0,005085005302233786;0,9054744376440688;0,006705310238249311;0,8291732657305817;0,011083404830956179;;;0,9407393678753969;0,005177807455535449;0,8881544453643133;0,009206887482689444;0,873092305467323;0,0190372600328735;0,7752703671316683;0,029724548526081897;0,9401820678297332;0,007847648536203953;0,8872208871537903;0,014085790637578872;0,8595671084750549;0,0077335041711066276;0,7538009699725472;0,01193664051466672;0,9137913385728359;0,009874613890064422;0,841419659030589;0,016809337213046508
musseg_d4_r16_s222_k127_61_31_15;23,0;0,0;23,0;23,0;0,9158924661144354;0,0;0,9001973563812774;0,0;0,8207493427222465;0,0;0,7117293127337615;0,0;0,9380677126341866;0,0;0,8833592534992224;0,0;0,8546365914786967;0,0;0,7461706783369803;0,0;0,9375661375661376;0,0;0,8824701195219123;0,0;0,8523489932885905;0,0;0,7426900584795322;0,0;0,9183673469387755;0,0;0,8490566037735849;0,0
musseg_d4_r16_s222_k51;14,0;0,0;14,0;14,0;0,9143524529910634;0,0;0,899390672649465;0,0;0,819274537558986;0,0;0,7236524432469031;0,0;0,9398998330550918;0,0;0,8866141732283465;0,0;0,8543689320388349;0,0;0,7457627118644068;0,0;0,9239013933547696;0,0;0,8585657370517928;0,0;0,8533333333333334;0,0;0,7441860465116279;0,0;0,9254498714652956;0,0;0,861244019138756;0,0
musseg_d4_r16_s222_k31;17,0;0,0;17,0;17,0;0,9103431621968842;0,0;0,8987131214523032;0,0;0,8174447068916244;0,0;0,7104007050511966;0,0;0,9407894736842105;0,0;0,8881987577639752;0,0;0,8697986577181208;0,0;0,7695961995249406;0,0;0,9247083775185577;0,0;0,8599605522682445;0,0;0,8623853211009174;0,0;0,7580645161290323;0,0;0,8958837772397094;0,0;0,8114035087719298;0,0
musseg_d4_r16_s222_k91;32,0;0,0;32,0;32,0;0,9107659702111167;0,0;0,8982337083277588;0,0;0,8181745365946973;0,0;0,7239910171290843;0,0;0,9434276206322796;0,0;0,8929133858267716;0,0;0,8813559322033899;0,0;0,7878787878787878;0,0;0,9417989417989417;0,0;0,89;0,0;0,8228228228228228;0,0;0,6989795918367347;0,0;0,9017632241813602;0,0;0,8211009174311926;0,0
musseg_d4_r16_s222_k41;36,0;0,0;36,0;36,0;0,9214197130101299;0,0;0,8977191183834752;0,0;0,8169689009961223;0,0;0,7162648978534385;0,0;0,9506871463217461;0,0;0,9060092449922958;0,0;0,8680738786279684;0,0;0,7668997668997669;0,0;0,9272918861959959;0,0;0,8644400785854617;0,0;0,8348909657320872;0,0;0,7165775401069518;0,0;0,9076517150395779;0,0;0,8309178743961353;0,0
musseg_pi_se_lsa_ba_depth_6_root_16;26,0;0,0;26,0;26,0;0,8930441957521985;0,0;0,8975753205018584;0,0;0,8165602923480483;0,0;0,6931146692247695;0,0;0,9466135458167331;0,0;0,8986384266263238;0,0;0,8774703557312253;0,0;0,7816901408450704;0,0;0,9286474973375931;0,0;0,8667992047713717;0,0;0,832258064516129;0,0;0,712707182320442;0,0;0,9028871391076115;0,0;0,8229665071770335;0,0
musseg_d4_r16_s122_k51;58,0;0,0;58,0;58,0;0,9144187728800844;0,0;0,8975514127496454;0,0;0,8166393591134223;0,0;0,7054884794376415;0,0;0,9463414634146341;0,0;0,8981481481481481;0,0;0,8586387434554972;0,0;0,7522935779816514;0,0;0,9310710498409331;0,0;0,871031746031746;0,0;0,8407643312101911;0,0;0,7252747252747253;0,0;0,9109414758269719;0,0;0,8364485981308412;0,0
musseg_d4_r16_s222_k51_31_21_11;59,0;0,0;59,0;59,0;0,9172191370100455;0,0;0,8964835459492528;0,0;0,8153590667747868;0,0;0,7002791342320087;0,0;0,9484873262469338;0,0;0,9020217729393468;0,0;0,8496732026143792;0,0;0,7386363636363636;0,0;0,9259645464025026;0,0;0,8621359223300971;0,0;0,8360128617363344;0,0;0,7182320441988951;0,0;0,922279792746114;0,0;0,8557692307692307;0,0
musseg_d4_r16_s222_k11;42,0;0,0;42,0;42,0;0,8947758575574376;0,0;0,8963930354586174;0,0;0,8149613139838932;0,0;0,6836998374556709;0,0;0,9487388120423108;0,0;0,9024767801857585;0,0;0,8571428571428571;0,0;0,75;0,0;0,9272918861959959;0,0;0,8644400785854617;0,0;0,8355263157894737;0,0;0,7175141242937854;0,0;0,9132653061224489;0,0;0,8403755868544601;0,0
musseg_d4_r16_s212_k51;60,0;0,0;60,0;60,0;0,9171015286057967;0,0;0,8952410099001561;0,0;0,8132914505750952;0,0;0,7033862027902417;0,0;0,9433962264150944;0,0;0,8928571428571429;0,0;0,8526727509778358;0,0;0,7431818181818182;0,0;0,9216300940438871;0,0;0,8546511627906976;0,0;0,830670926517572;0,0;0,7103825136612022;0,0;0,9278350515463918;0,0;0,8653846153846154;0,0
musseg_pi_se_lsa_ba_dist_both;31,5;0,5;31,0;32,0;0,8990136823225516;0,005349597086598934;0,8926941792999525;0,007146933915522291;0,8082772370307947;0,011655338868016951;0,6947254393474837;0,009914847879665789;0,9327115613489839;0,010810033335401537;0,8740999356212549;0,018981825385034456;0,8670590253946465;3,774879890183769e-05;0,7653170350882822;5,881912584082549e-05;0,9323998858347238;0,0023151400720119453;0,8733694186539276;0,004062487960858341;0,8409402511184876;0,006620724491268549;0,7255928880294362;0,009856847420299186;0,8903601728029209;0,02058130302405109;0,8030069077610728;0,033441690369768406
musseg_d4_r16_s222_k21;28,0;0,0;28,0;28,0;0,9121649260216381;0,0;0,8904714608015801;0,0;0,8052012276156113;0,0;0,6981610525733931;0,0;0,943089430894309;0,0;0,8923076923076924;0,0;0,8600508905852418;0,0;0,7544642857142857;0,0;0,923913043478261;0,0;0,8585858585858586;0,0;0,8258064516129032;0,0;0,7032967032967034;0,0;0,8994974874371858;0,0;0,817351598173516;0,0
musseg_pi_se_lsa_ba_dist_attn;29,5;10,5;19,0;40,0;0,8978376337144809;0,004265874794794677;0,8896967200766401;0,005991099550720802;0,8038505819615582;0,009241989567320696;0,6871411546739741;0,008312672393569476;0,9349992907212963;0,006660528506312602;0,8780064754856614;0,011745077309369634;0,8537650755042059;0,002645180906050426;0,7448523059201053;0,004026617846710823;0,9259874725508055;0,0017612185486710064;0,8621806795634921;0,003053695436507964;0,8300976763938603;0,018776921676879166;0,709984925068724;0,027445242529041403;0,9036340852130327;0,0036340852130326007;0,8242285237698082;0,006046705587989976
musseg_pi_se_lsa_ba_dist_emb;46,5;15,5;31,0;62,0;0,8977723295168747;0,0009724783102285639;0,889460829908749;0,003920519739252615;0,8036036616499771;0,006041160051256156;0,6862448068903453;0,003159930589988924;0,9425147216612177;0,0007591843355408412;0,8912802587149855;0,001357778094830453;0,8564167816885208;0,01130808603634692;0,7490599230346344;0,01729521715228144;0,9189533053515215;0,006046694648478512;0,8501167280237047;0,010348388255364993;0,8257253050886484;0,005957863228183369;0,7032228437839192;0,008641562995741814;0,9036940357538364;0,004469229552286014;0,8243385546926418;0,007437146241937587
musseg_d4_r16_s222_k3357_d1;45,0;0,0;45,0;45,0;0,8981639159662137;0,0;0,889104424407899;0,0;0,8027591870646725;0,0;0,6687095989812191;0,0;0,9402129402129402;0,0;0,8871715610510046;0,0;0,8488830486202367;0,0;0,7374429223744292;0,0;0,923076923076923;0,0;0,8571428571428571;0,0;0,8359133126934984;0,0;0,7180851063829787;0,0;0,8974358974358975;0,0;0,813953488372093;0,0
musseg_pi_se_lsa_ba;27,8;13,25745073534124;11,0;43,0;0,9021861865063387;0,009579938094218874;0,888889430820852;0,012612556795808067;0,8029181357218377;0,020032094447137407;0,6817144694437517;0,011804107341709811;0,9368523762763126;0,009863227860321778;0,8813687790921447;0,017514812353144168;0,86529187359767;0,02181042160959552;0,7632058400468476;0,033198775006984475;0,92875715061273;0,018949046215362968;0,867562807485996;0,03236825250281029;0,8255390412368232;0,01554565792974492;0,7032078500860808;0,02258902796119038;0,8880067123807243;0,021793188559638584;0,799245401898119;0,03436118826740834
musseg_pi_se_lsa_ba_dist_both_wskip;21,0;9,643650760992955;10,0;36,0;0,8966914590196833;0,004851496514331268;0,8888752041935898;0,008010796593265961;0,8027530310010678;0,012639325267408264;0,6843657477792859;0,010956690169280954;0,9359930839453747;0,004958170451452191;0,8797280472860426;0,008802177365624515;0,8607186445477604;0,014143334142960342;0,7557629096529608;0,02177420500190946;0,9308722665231711;0,00917490416470512;0,8708205083458718;0,01592290820002176;0,8238524600291596;0,014881984540513362;0,7007368338106477;0,0213314831156128;0,8929395659224828;0,009433078504737832;0,8067168559098166;0,015345009534807635
musseg_pi_se_lsa_ba_dist_attn_wskip;17,0;2,0;15,0;19,0;0,8884547672023151;0,0038028903237053435;0,8869207970830619;0,002241238461501316;0,7990639219226608;0,003072036226521746;0,6804268316783457;0,0027722616321111393;0,9305625287861876;0,0028817307812001314;0,8701556434350397;0,005039364365272303;0,854490566037736;0,004176100628930868;0,7459712877563959;0,006365160841734996;0,9257696198872669;0,006850700968348;0,86187374749499;0,011873747494989983;0,8328581927428669;0,01845376060990289;0,7140163195597514;0,027100431709284112;0,8909230779612521;0,0008975025136819248;0,8033026113671276;0,0014592933947772946
musseg_pi_se_lsa_ba_pbam;21,6;9,046546302318914;15,0;39,0;0,8931100563181245;0,00851080138530529;0,8862388005691164;0,009792392978211098;0,7987998863627965;0,014814831587486477;0,678606940989462;0,012907404111758662;0,9369049187884901;0,005221212823800709;0,8813447516366699;0,009260698052540312;0,8549311717005887;0,015710347828610933;0,746949742659204;0,024042130136328242;0,926696475089803;0,010715120889581722;0,8635913762768943;0,018590277285567492;0,8187417427818751;0,02595759704043015;0,693907490174867;0,03630211617920526;0,8939196944848256;0,0035911822922363714;0,8082060710663477;0,005882063237196478
musseg_pi_se_lsa_ba_depth_3_root_24;27,5;2,5;25,0;30,0;0,8912298904942704;0,0016164677128701621;0,8854933703837555;0,0015979818471149043;0,7972443624493972;0,0027489992961461374;0,6618878478651193;0,003130409253384925;0,9384413067552603;0,003225359911406489;0,8840394560664316;0,00572432346112739;0,8592398106328563;0,0024623170267181194;0,7532250308390307;0,0037843149553618005;0,9173219000288422;0,00030062343309750217;0,8472712750453304;0,0005129253400259493;0,8157135553607946;0,00023736488460412986;0,6887806910198662;0,00033847996458979956;0,8967502791410247;0,007290124899379413;0,812905359276327;0,01197943335040108
musseg_pi_se_ba_pbam;15,0;8,602325267042627;7,0;29,0;0,8864135798406748;0,008884686423061372;0,8853161023115224;0,0042139884335398725;0,7966781703685651;0,0068239132382632755;0,6685607049048046;0,011618050721540565;0,9382185238332694;0,0031821648540018067;0,8836436399991445;0,005632863876860248;0,8620069953339826;0,013766049963939842;0,7577395891343814;0,021456423381904507;0,9195220151155233;0,01024028599852008;0,8511990032384272;0,017555456457029613;0,8256353764143907;0,008495994650863797;0,7031372481488446;0,012256921088729243;0,8811976008604459;0,005649628015187443;0,7876713713220278;0,009030595233078519
musseg_pi_se_lsa_ba_wskip;27,5;9,233092656309694;20,0;43,0;0,8921307811079586;0,007222630987042339;0,8849360327699413;0,008198849259104697;0,7963077857006265;0,012877513984257731;0,6794381834371406;0,009842930377787953;0,9320938876019049;0,009131126737210183;0,872959945846526;0,0159210978657486;0,8529928754955171;0,009553112523620781;0,7437886308865511;0,014444008606634223;0,9223088738916301;0,01243693725986962;0,856065139713845;0,02130254284489189;0,8218256351594131;0,014449923084284746;0,697796872975813;0,02081377046786722;0,8954588917012412;0,012250272794669614;0,8109283390803976;0,01998328895268163
musseg_pi_se_lsa_ba_dist_emb_wskip;18,0;0,0;18,0;18,0;0,8985425539815747;0,0;0,8848295476416428;0,0;0,7960552330151737;0,0;0,6838206350574659;0,0;0,9397590361445782;0,0;0,8863636363636364;0,0;0,8479381443298968;0,0;0,7360178970917226;0,0;0,9168490153172867;0,0;0,8464646464646465;0,0;0,8250000000000001;0,0;0,7021276595744681;0,0;0,8946015424164524;0,0;0,8093023255813954;0,0
musseg_pi_se_lsa_ba_depth_4_root_24;37,0;0,0;37,0;37,0;0,8959593961254381;0,0;0,8845814725041006;0,0;0,7961123287195925;0,0;0,677039307774307;0,0;0,9459016393442623;0,0;0,8973561430793157;0,0;0,8320209973753281;0,0;0,7123595505617978;0,0;0,9035639412997905;0,0;0,8240917782026769;0,0;0,8295819935691319;0,0;0,7087912087912088;0,0;0,9118387909319899;0,0;0,8379629629629629;0,0
musseg_pi_se_lsa_ba_depth_4;8,0;0,0;8,0;8,0;0,8958649640687846;0,0;0,8844582583798435;0,0;0,795350981220991;0,0;0,6722259580443596;0,0;0,9379652605459057;0,0;0,883177570093458;0,0;0,851063829787234;0,0;0,7407407407407407;0,0;0,9137380191693291;0,0;0,8411764705882353;0,0;0,8231511254019293;0,0;0,6994535519125683;0,0;0,8963730569948187;0,0;0,812206572769953;0,0
musseg_pi_se_ba;29,8;20,468512403201167;10,0;67,0;0,8897880002993317;0,006636294372594608;0,8832758952229985;0,008919420796463948;0,794267167329304;0,013420231540627684;0,6647121171199306;0,008514193068839323;0,9403504585078528;0,004675017525621875;0,887453214112141;0,008327893468253751;0,8524093851421419;0,01691150635424983;0,7431557710813044;0,02538164210358716;0,9164833746470233;0,012636842165594145;0,8460920004151282;0,021476840351115332;0,8100382414249134;0,018752051853408537;0,6811386553343663;0,02617086063440065;0,8970980163930615;0,00815190624189068;0,8134961957035802;0,01331635626261611
musseg_pi_se_lsa_ba_dist_both_wskip_depth_4_root_24;11,0;0,0;11,0;11,0;0,8863303017057211;0,0;0,8828101084308739;0,0;0,7921525215919034;0,0;0,6734937033371668;0,0;0,931726907630522;0,0;0,8721804511278195;0,0;0,8466579292267365;0,0;0,7340909090909091;0,0;0,9096916299559471;0,0;0,8343434343434344;0,0;0,8348348348348347;0,0;0,7164948453608248;0,0;0,8911392405063293;0,0;0,8036529680365296;0,0
musseg_pi_se_lsa_ba_depth_4_root_16;46,0;0,0;46,0;46,0;0,8899437057462853;0,0;0,8818980629284404;0,0;0,7912643429222902;0,0;0,6672394368880373;0,0;0,936205468102734;0,0;0,8800623052959502;0,0;0,8397350993377484;0,0;0,723744292237443;0,0;0,9130890052356021;0,0;0,8400770712909441;0,0;0,8271604938271604;0,0;0,7052631578947368;0,0;0,8933002481389578;0,0;0,8071748878923767;0,0
musseg_d4_r16_s122;32,0;0,0;32,0;32,0;0,8835647878549245;0,0;0,8806789220147765;0,0;0,7895586682314926;0,0;0,6598642485835303;0,0;0,9342214820982514;0,0;0,8765625;0,0;0,8511749347258486;0,0;0,740909090909091;0,0;0,919957310565635;0,0;0,8517786561264822;0,0;0,8138801261829653;0,0;0,6861702127659575;0,0;0,884160756501182;0,0;0,7923728813559322;0,0
musseg_d4_r16_s222_k3;60,0;0,0;60,0;60,0;0,8894974596825849;0,0;0,8790263340475463;0,0;0,7879180434853683;0,0;0,658232176104872;0,0;0,9404958677685951;0,0;0,8876755070202809;0,0;0,8346666666666667;0,0;0,7162471395881007;0,0;0,9125000000000001;0,0;0,8390804597701149;0,0;0,802469135802469;0,0;0,6701030927835051;0,0;0,9049999999999999;0,0;0,8264840182648402;0,0
phasenet_bottleneck_attention;28,6;5,782732917920384;18,0;35,0;0,8845266636948514;0,004309550666367247;0,8789202995513294;0,007035547534074627;0,7869563653874427;0,01011690125202085;0,651560580997279;0,006525499571986813;0,9328981307327545;0,0014561300917165644;0,874238797317938;0,0025575132920299614;0,8372303267036459;0,016183709429401144;0,7203610911517844;0,02371084513223372;0,9130876692358084;0,010538274521712113;0,840245629360928;0,017618525455871902;0,8181445827300904;0,020299442766650164;0,6927459543074725;0,028624066133991023;0,8932407883543488;0,008705968064343575;0,8071903547990896;0,014309284708342527
musseg_pi_se_lsa_ba_depth_3_root_48;40,0;0,0;40,0;40,0;0,8880104817113658;0,0;0,8682333333413286;0,0;0,7708965818119486;0,0;0,6538891228499107;0,0;0,933552091878589;0,0;0,8753846153846154;0,0;0,8382923673997411;0,0;0,7216035634743875;0,0;0,9094781682641108;0,0;0,833984375;0,0;0,7854984894259819;0,0;0,6467661691542289;0,0;0,87434554973822;0,0;0,7767441860465116;0,0
musseg_d4_r16_s222_k3_d1122;31,0;0,0;31,0;31,0;0,891666197058754;0,0;0,8674247870324896;0,0;0,7705903005519696;0,0;0,6562326384692116;0,0;0,930116472545757;0,0;0,8693623639191291;0,0;0,8194271481942714;0,0;0,6940928270042194;0,0;0,9073684210526316;0,0;0,8304431599229287;0,0;0,7763157894736843;0,0;0,6344086021505376;0,0;0,9038961038961038;0,0;0,8246445497630331;0,0
musseg_pi_se_lsm_attn_ba;21,4;8,979977728257458;9,0;30,0;0,8626560361540813;0,02747539823159204;0,8621456158166337;0,01784780983797074;0,7623719491549721;0,02642375884529011;0,6478232831100572;0,025130085189948952;0,9220867481217198;0,008570726764076893;0,8555540352590487;0,01473465565923512;0,8496511810814822;0,030388323865004643;0,7398147120831917;0,045874329277331254;0,920026198854821;0,016029427358497023;0,8523051516323289;0,027515134639382204;0,7874553877406669;0,04167354321762747;0,6513792285969705;0,05691686862028732;0,8315085632844788;0,031150551596207256;0,7128066182033209;0,0449526057063713
musseg_pi_se_lsm_sum_ba;41,4;28,160965892525773;5,0;76,0;0,8678677011827668;0,02670370165688222;0,8584653466374629;0,03139787650094497;0,7587019302937945;0,043287359252828374;0,6423502668427158;0,025502572708003598;0,9279632980691017;0,00901888745912957;0,8657403783262614;0,015763045347397052;0,8560306198700112;0,022137192431252957;0,7489381992001176;0,03305741051119771;0,9245969223065277;0,020000510340839467;0,860403967308357;0,03420989052527297;0,794445315005536;0,06343666787303434;0,66326296161322;0,08125944284607116;0,7892905779361377;0,054459443352282644;0,6551641450210172;0,07206655688284651
musseg_pi_se_lsm_attn_ba_pbam;17,8;11,54816002660164;2,0;37,0;0,8653273697724598;0,018079257564264567;0,8530860339315354;0,027314299243768585;0,7487371080015139;0,03953431727400835;0,6301858856517976;0,039428670061811444;0,9119947957428952;0,021739764303606888;0,8389573686041597;0,03657967419356726;0,8454891756712503;0,023897006570882985;0,7330842920498838;0,03618860158159377;0,9080740046426021;0,018754694424901134;0,8321652792353291;0,031402368267163104;0,8052558981264907;0,02522423127860851;0,6747475039692985;0,035474763367605626;0,7946162954744385;0,07149221141714249;0,6647310961488989;0,09295998872480425
musseg_pi_se_lsm_sum_ba_pbam;18,8;5,2687759489277965;14,0;28,0;0,8525789171016136;0,029943802412178686;0,8515419332435528;0,015392401800382411;0,746025991145103;0,0213785063936815;0,6314280517235672;0,030421870269295482;0,9166069070555197;0,007403687690784782;0,846138273876296;0,012622791529368594;0,8336792976486054;0,010814919026801106;0,7149415557078033;0,015889487978459536;0,9093826020580649;0,0186737309429052;0,8343552119527041;0,03104754096178219;0,7809057934372239;0,0472360158633638;0,6429285543405772;0,061093267557296715;0,81713506601835;0,02823721253432688;0,6917663598481344;0,040067097270428044
phasenet;10,4;3,8781438859330635;4,0;14,0;0,8179790511186521;0,009705463032838781;0,8081550235670232;0,01637135083101874;0,6856473569794957;0,02177098307557484;0,4907290527694256;0,010431289446918136;0,9057549213748326;0,010559974320277743;0,8279142842183511;0,01763413448448341;0,7611778376536928;0,01848920596367376;0,614796960544101;0,02413757429352117;0,8466429599877003;0,012210089197152265;0,7342622632728222;0,018312766557630738;0,6846259067305157;0,033933273226953546;0,5214704249337241;0,03839804186276956;0,8425734920883743;0,03808016936944816;0,7297928519284802;0,05538370325366356
musseg_pi_se_lsa_ba_depth_6_root_8;24,0;20,0;4,0;44,0;0,7909062997392955;0,10026242952995651;0,796416426635828;0,10205225773290721;0,6916136433419877;0,12592534704743336;0,5996257808638035;0,09826937877932107;0,6755667147497306;0,26409539305397;0,5726089431920778;0,31358225559396163;0,6855345911949684;0,17160826594788864;0,5479141475211609;0,20208585247883917;0,896354212474714;0,03431805643284913;0,8139295359121105;0,056404452300070296;0,8162368881118881;0,04001311188811185;0,6914597970335675;0,057174082747853294;0,9083897266478393;0,00022646134171683263;0,8321557930510217;0,0003800921164423543
